id,lineId,componentWordId,description,priority,quantity,unit,traceStatus,ledgerStatus,duplicateResolution,supplier,manufacturer,mpn,unitCostGbp,totalCostGbp,sourceRef,sourceReferenceClass,sourceReferenceStatus,sourceQualityIssues,supplierClaim,manufacturerClaim,mpnClaim,unitCostClaim,sourceBackedRequiredClaims,missingRequiredClaims,provenanceViolations,canDisplayCandidate,canDisplayPricedReview,canUseForProcurement,requiredAction
bom-trace:structure_containment_wing_primary_structure_high_aspect_ratio_wing_structure,structure_containment_wing_primary_structure_high_aspect_ratio_wing_structure,high_aspect_ratio_wing_structure,High-aspect-ratio wing structure,critical,1,candidate,critical_unsourced,critical_unpriced,unique_allocation,,,,,,,,,,missing_source,missing_source,missing_source,missing_source,0,4,0,yes,no,no,Collect admissible source evidence for this critical line before BoM can pass.
bom-trace:structure_containment_wing_primary_structure_carbon_spar_cap_set,structure_containment_wing_primary_structure_carbon_spar_cap_set,carbon_spar_cap_set,carbon spar cap set,candidate,1,candidate,candidate_only,candidate_unpriced,unique_allocation,,,,,,,,,,not_claimed,not_claimed,not_claimed,not_claimed,0,0,0,yes,no,no,Keep as candidate-only until critical sourcing is complete or procurement planning starts.
bom-trace:structure_containment_wing_primary_structure_foam_rib_set,structure_containment_wing_primary_structure_foam_rib_set,foam_rib_set,foam rib set,candidate,1,candidate,candidate_only,candidate_unpriced,unique_allocation,,,,,,,,,,not_claimed,not_claimed,not_claimed,not_claimed,0,0,0,yes,no,no,Keep as candidate-only until critical sourcing is complete or procurement planning starts.
bom-trace:structure_containment_wing_primary_structure_wing_joiner_sleeve,structure_containment_wing_primary_structure_wing_joiner_sleeve,wing_joiner_sleeve,wing joiner sleeve,candidate,1,candidate,candidate_only,candidate_unpriced,unique_allocation,,,,,,,,,,not_claimed,not_claimed,not_claimed,not_claimed,0,0,0,yes,no,no,Keep as candidate-only until critical sourcing is complete or procurement planning starts.
bom-trace:structure_containment_tail_control_structure_tail_boom_assembly,structure_containment_tail_control_structure_tail_boom_assembly,tail_boom_assembly,tail boom assembly,candidate,1,candidate,candidate_only,candidate_unpriced,unique_allocation,,,,,,,,,,not_claimed,not_claimed,not_claimed,not_claimed,0,0,0,yes,no,no,Keep as candidate-only until critical sourcing is complete or procurement planning starts.
bom-trace:structure_containment_tail_control_structure_elevator_surface,structure_containment_tail_control_structure_elevator_surface,elevator_surface,elevator surface,candidate,1,candidate,candidate_only,candidate_unpriced,unique_allocation,,,,,,,,,,not_claimed,not_claimed,not_claimed,not_claimed,0,0,0,yes,no,no,Keep as candidate-only until critical sourcing is complete or procurement planning starts.
bom-trace:structure_containment_tail_control_structure_rudder_surface,structure_containment_tail_control_structure_rudder_surface,rudder_surface,rudder surface,candidate,1,candidate,candidate_only,candidate_unpriced,unique_allocation,,,,,,,,,,not_claimed,not_claimed,not_claimed,not_claimed,0,0,0,yes,no,no,Keep as candidate-only until critical sourcing is complete or procurement planning starts.
bom-trace:structure_containment_tail_control_structure_control_hinge_set,structure_containment_tail_control_structure_control_hinge_set,control_hinge_set,control hinge set,candidate,1,candidate,candidate_only,candidate_unpriced,unique_allocation,,,,,,,,,,not_claimed,not_claimed,not_claimed,not_claimed,0,0,0,yes,no,no,Keep as candidate-only until critical sourcing is complete or procurement planning starts.
bom-trace:structure_containment_payload_bay_structure_payload_bay_frame,structure_containment_payload_bay_structure_payload_bay_frame,payload_bay_frame,payload bay frame,candidate,1,candidate,candidate_only,candidate_unpriced,unique_allocation,,,,,,,,,,not_claimed,not_claimed,not_claimed,not_claimed,0,0,0,yes,no,no,Keep as candidate-only until critical sourcing is complete or procurement planning starts.
bom-trace:structure_containment_payload_bay_structure_avionics_tray,structure_containment_payload_bay_structure_avionics_tray,avionics_tray,avionics tray,candidate,1,candidate,candidate_only,candidate_unpriced,unique_allocation,,,,,,,,,,not_claimed,not_claimed,not_claimed,not_claimed,0,0,0,yes,no,no,Keep as candidate-only until critical sourcing is complete or procurement planning starts.
bom-trace:structure_containment_payload_bay_structure_access_panel_latch_set,structure_containment_payload_bay_structure_access_panel_latch_set,access_panel_latch_set,access panel latch set,candidate,1,candidate,candidate_only,candidate_unpriced,unique_allocation,,,,,,,,,,not_claimed,not_claimed,not_claimed,not_claimed,0,0,0,yes,no,no,Keep as candidate-only until critical sourcing is complete or procurement planning starts.
bom-trace:structure_containment_payload_bay_structure_mass_balance_bracket,structure_containment_payload_bay_structure_mass_balance_bracket,mass_balance_bracket,mass balance bracket,candidate,1,candidate,candidate_only,candidate_unpriced,unique_allocation,,,,,,,,,,not_claimed,not_claimed,not_claimed,not_claimed,0,0,0,yes,no,no,Keep as candidate-only until critical sourcing is complete or procurement planning starts.
bom-trace:energy_harvesting_solar_skin_array_solar_cell_array,energy_harvesting_solar_skin_array_solar_cell_array,solar_cell_array,Solar cell array,critical,1,candidate,critical_unsourced,critical_unpriced,unique_allocation,,,,,,,,,,missing_source,missing_source,missing_source,missing_source,0,4,0,yes,no,no,Collect admissible source evidence for this critical line before BoM can pass.
bom-trace:energy_harvesting_solar_skin_array_cell_interconnect_ribbon,energy_harvesting_solar_skin_array_cell_interconnect_ribbon,cell_interconnect_ribbon,cell interconnect ribbon,candidate,1,candidate,candidate_only,candidate_unpriced,unique_allocation,,,,,,,,,,not_claimed,not_claimed,not_claimed,not_claimed,0,0,0,yes,no,no,Keep as candidate-only until critical sourcing is complete or procurement planning starts.
bom-trace:energy_harvesting_solar_skin_array_transparent_encapsulation_film,energy_harvesting_solar_skin_array_transparent_encapsulation_film,transparent_encapsulation_film,transparent encapsulation film,candidate,1,candidate,candidate_only,candidate_unpriced,unique_allocation,,,,,,,,,,not_claimed,not_claimed,not_claimed,not_claimed,0,0,0,yes,no,no,Keep as candidate-only until critical sourcing is complete or procurement planning starts.
bom-trace:energy_harvesting_solar_skin_array_solar_string_bypass_diode,energy_harvesting_solar_skin_array_solar_string_bypass_diode,solar_string_bypass_diode,solar string bypass diode,candidate,1,candidate,candidate_only,candidate_unpriced,unique_allocation,,,,,,,,,,not_claimed,not_claimed,not_claimed,not_claimed,0,0,0,yes,no,no,Keep as candidate-only until critical sourcing is complete or procurement planning starts.
bom-trace:energy_harvesting_mppt_conversion_mppt_power_tracker,energy_harvesting_mppt_conversion_mppt_power_tracker,mppt_power_tracker,MPPT power tracker,critical,1,candidate,critical_unsourced,critical_unpriced,unique_allocation,,,,,,,,,,missing_source,missing_source,missing_source,missing_source,0,4,0,yes,no,no,Collect admissible source evidence for this critical line before BoM can pass.
bom-trace:energy_harvesting_mppt_conversion_solar_input_current_sensor,energy_harvesting_mppt_conversion_solar_input_current_sensor,solar_input_current_sensor,solar input current sensor,candidate,1,candidate,candidate_only,candidate_unpriced,unique_allocation,,,,,,,,,,not_claimed,not_claimed,not_claimed,not_claimed,0,0,0,yes,no,no,Keep as candidate-only until critical sourcing is complete or procurement planning starts.
bom-trace:energy_harvesting_mppt_conversion_solar_voltage_tap_loom,energy_harvesting_mppt_conversion_solar_voltage_tap_loom,solar_voltage_tap_loom,solar voltage tap loom,candidate,1,candidate,candidate_only,candidate_unpriced,unique_allocation,,,,,,,,,,not_claimed,not_claimed,not_claimed,not_claimed,0,0,0,yes,no,no,Keep as candidate-only until critical sourcing is complete or procurement planning starts.
bom-trace:energy_harvesting_mppt_conversion_mppt_heat_spreader,energy_harvesting_mppt_conversion_mppt_heat_spreader,mppt_heat_spreader,MPPT heat spreader,candidate,1,candidate,candidate_only,candidate_unpriced,unique_allocation,,,,,,,,,,not_claimed,not_claimed,not_claimed,not_claimed,0,0,0,yes,no,no,Keep as candidate-only until critical sourcing is complete or procurement planning starts.
bom-trace:energy_harvesting_solar_health_monitoring_solar_string_monitor_board,energy_harvesting_solar_health_monitoring_solar_string_monitor_board,solar_string_monitor_board,solar string monitor board,candidate,1,candidate,candidate_only,candidate_unpriced,unique_allocation,,,,,,,,,,not_claimed,not_claimed,not_claimed,not_claimed,0,0,0,yes,no,no,Keep as candidate-only until critical sourcing is complete or procurement planning starts.
bom-trace:energy_harvesting_solar_health_monitoring_uv_exposure_witness_coupon,energy_harvesting_solar_health_monitoring_uv_exposure_witness_coupon,uv_exposure_witness_coupon,UV exposure witness coupon,candidate,1,candidate,candidate_only,candidate_unpriced,unique_allocation,,,,,,,,,,not_claimed,not_claimed,not_claimed,not_claimed,0,0,0,yes,no,no,Keep as candidate-only until critical sourcing is complete or procurement planning starts.
bom-trace:energy_harvesting_solar_health_monitoring_wing_surface_temperature_sensor,energy_harvesting_solar_health_monitoring_wing_surface_temperature_sensor,wing_surface_temperature_sensor,wing surface temperature sensor,candidate,1,candidate,candidate_only,candidate_unpriced,unique_allocation,,,,,,,,,,not_claimed,not_claimed,not_claimed,not_claimed,0,0,0,yes,no,no,Keep as candidate-only until critical sourcing is complete or procurement planning starts.
bom-trace:energy_harvesting_solar_health_monitoring_solar_inspection_connector,energy_harvesting_solar_health_monitoring_solar_inspection_connector,solar_inspection_connector,solar inspection connector,candidate,1,candidate,candidate_only,candidate_unpriced,unique_allocation,,,,,,,,,,not_claimed,not_claimed,not_claimed,not_claimed,0,0,0,yes,no,no,Keep as candidate-only until critical sourcing is complete or procurement planning starts.
bom-trace:energy_storage_source_stratospheric_battery_pack_stratospheric_battery_pack,energy_storage_source_stratospheric_battery_pack_stratospheric_battery_pack,stratospheric_battery_pack,Stratospheric battery pack,critical,1,candidate,critical_unsourced,critical_unpriced,unique_allocation,,,,,,,,,,missing_source,missing_source,missing_source,missing_source,0,4,0,yes,no,no,Collect admissible source evidence for this critical line before BoM can pass.
bom-trace:energy_storage_source_stratospheric_battery_pack_battery_management_board,energy_storage_source_stratospheric_battery_pack_battery_management_board,battery_management_board,battery management board,candidate,1,candidate,candidate_only,candidate_unpriced,unique_allocation,,,,,,,,,,not_claimed,not_claimed,not_claimed,not_claimed,0,0,0,yes,no,no,Keep as candidate-only until critical sourcing is complete or procurement planning starts.
bom-trace:energy_storage_source_stratospheric_battery_pack_lightweight_battery_enclosure,energy_storage_source_stratospheric_battery_pack_lightweight_battery_enclosure,lightweight_battery_enclosure,lightweight battery enclosure,candidate,1,candidate,candidate_only,candidate_unpriced,unique_allocation,,,,,,,,,,not_claimed,not_claimed,not_claimed,not_claimed,0,0,0,yes,no,no,Keep as candidate-only until critical sourcing is complete or procurement planning starts.
bom-trace:energy_storage_source_stratospheric_battery_pack_cell_heater_film,energy_storage_source_stratospheric_battery_pack_cell_heater_film,cell_heater_film,cell heater film,candidate,1,candidate,candidate_only,candidate_unpriced,unique_allocation,,,,,,,,,,not_claimed,not_claimed,not_claimed,not_claimed,0,0,0,yes,no,no,Keep as candidate-only until critical sourcing is complete or procurement planning starts.
bom-trace:energy_storage_source_battery_thermal_zone_battery_insulation_sleeve,energy_storage_source_battery_thermal_zone_battery_insulation_sleeve,battery_insulation_sleeve,battery insulation sleeve,candidate,1,candidate,candidate_only,candidate_unpriced,unique_allocation,,,,,,,,,,not_claimed,not_claimed,not_claimed,not_claimed,0,0,0,yes,no,no,Keep as candidate-only until critical sourcing is complete or procurement planning starts.
bom-trace:energy_storage_source_battery_thermal_zone_phase_change_thermal_buffer,energy_storage_source_battery_thermal_zone_phase_change_thermal_buffer,phase_change_thermal_buffer,phase-change thermal buffer,candidate,1,candidate,candidate_only,candidate_unpriced,unique_allocation,,,,,,,,,,not_claimed,not_claimed,not_claimed,not_claimed,0,0,0,yes,no,no,Keep as candidate-only until critical sourcing is complete or procurement planning starts.
bom-trace:energy_storage_source_battery_thermal_zone_battery_temperature_sensor_harness,energy_storage_source_battery_thermal_zone_battery_temperature_sensor_harness,battery_temperature_sensor_harness,battery temperature sensor harness,candidate,1,candidate,candidate_only,candidate_unpriced,unique_allocation,,,,,,,,,,not_claimed,not_claimed,not_claimed,not_claimed,0,0,0,yes,no,no,Keep as candidate-only until critical sourcing is complete or procurement planning starts.
bom-trace:energy_storage_source_battery_thermal_zone_battery_vent_path,energy_storage_source_battery_thermal_zone_battery_vent_path,battery_vent_path,battery vent path,candidate,1,candidate,candidate_only,candidate_unpriced,unique_allocation,,,,,,,,,,not_claimed,not_claimed,not_claimed,not_claimed,0,0,0,yes,no,no,Keep as candidate-only until critical sourcing is complete or procurement planning starts.
bom-trace:energy_storage_source_energy_reserve_monitoring_coulomb_counter_module,energy_storage_source_energy_reserve_monitoring_coulomb_counter_module,coulomb_counter_module,coulomb counter module,candidate,1,candidate,candidate_only,candidate_unpriced,unique_allocation,,,,,,,,,,not_claimed,not_claimed,not_claimed,not_claimed,0,0,0,yes,no,no,Keep as candidate-only until critical sourcing is complete or procurement planning starts.
bom-trace:energy_storage_source_energy_reserve_monitoring_reserve_energy_estimator,energy_storage_source_energy_reserve_monitoring_reserve_energy_estimator,reserve_energy_estimator,reserve energy estimator,candidate,1,candidate,candidate_only,candidate_unpriced,unique_allocation,,,,,,,,,,not_claimed,not_claimed,not_claimed,not_claimed,0,0,0,yes,no,no,Keep as candidate-only until critical sourcing is complete or procurement planning starts.
bom-trace:energy_storage_source_energy_reserve_monitoring_battery_isolation_contactor,energy_storage_source_energy_reserve_monitoring_battery_isolation_contactor,battery_isolation_contactor,battery isolation contactor,candidate,1,candidate,candidate_only,candidate_unpriced,unique_allocation,,,,,,,,,,not_claimed,not_claimed,not_claimed,not_claimed,0,0,0,yes,no,no,Keep as candidate-only until critical sourcing is complete or procurement planning starts.
bom-trace:energy_storage_source_energy_reserve_monitoring_night_cycle_test_connector,energy_storage_source_energy_reserve_monitoring_night_cycle_test_connector,night_cycle_test_connector,night-cycle test connector,candidate,1,candidate,candidate_only,candidate_unpriced,unique_allocation,,,,,,,,,,not_claimed,not_claimed,not_claimed,not_claimed,0,0,0,yes,no,no,Keep as candidate-only until critical sourcing is complete or procurement planning starts.
bom-trace:power_distribution_solar_battery_power_management_solar_battery_charge_controller,power_distribution_solar_battery_power_management_solar_battery_charge_controller,solar_battery_charge_controller,solar battery charge controller,candidate,1,candidate,candidate_only,candidate_unpriced,unique_allocation,,,,,,,,,,not_claimed,not_claimed,not_claimed,not_claimed,0,0,0,yes,no,no,Keep as candidate-only until critical sourcing is complete or procurement planning starts.
bom-trace:power_distribution_solar_battery_power_management_main_dc_bus_board,power_distribution_solar_battery_power_management_main_dc_bus_board,main_dc_bus_board,main DC bus board,candidate,1,candidate,candidate_only,candidate_unpriced,unique_allocation,,,,,,,,,,not_claimed,not_claimed,not_claimed,not_claimed,0,0,0,yes,no,no,Keep as candidate-only until critical sourcing is complete or procurement planning starts.
bom-trace:power_distribution_solar_battery_power_management_payload_power_switch,power_distribution_solar_battery_power_management_payload_power_switch,payload_power_switch,payload power switch,candidate,1,candidate,candidate_only,candidate_unpriced,unique_allocation,,,,,,,,,,not_claimed,not_claimed,not_claimed,not_claimed,0,0,0,yes,no,no,Keep as candidate-only until critical sourcing is complete or procurement planning starts.
bom-trace:power_distribution_solar_battery_power_management_propulsion_bus_fuse_set,power_distribution_solar_battery_power_management_propulsion_bus_fuse_set,propulsion_bus_fuse_set,propulsion bus fuse set,candidate,1,candidate,candidate_only,candidate_unpriced,unique_allocation,,,,,,,,,,not_claimed,not_claimed,not_claimed,not_claimed,0,0,0,yes,no,no,Keep as candidate-only until critical sourcing is complete or procurement planning starts.
bom-trace:power_distribution_low_voltage_distribution_avionics_dc_converter,power_distribution_low_voltage_distribution_avionics_dc_converter,avionics_dc_converter,avionics DC converter,candidate,1,candidate,candidate_only,candidate_unpriced,unique_allocation,,,,,,,,,,not_claimed,not_claimed,not_claimed,not_claimed,0,0,0,yes,no,no,Keep as candidate-only until critical sourcing is complete or procurement planning starts.
bom-trace:power_distribution_low_voltage_distribution_servo_power_rail,power_distribution_low_voltage_distribution_servo_power_rail,servo_power_rail,servo power rail,candidate,1,candidate,candidate_only,candidate_unpriced,unique_allocation,,,,,,,,,,not_claimed,not_claimed,not_claimed,not_claimed,0,0,0,yes,no,no,Keep as candidate-only until critical sourcing is complete or procurement planning starts.
bom-trace:power_distribution_low_voltage_distribution_communications_dc_converter,power_distribution_low_voltage_distribution_communications_dc_converter,communications_dc_converter,communications DC converter,candidate,1,candidate,candidate_only,candidate_unpriced,unique_allocation,,,,,,,,,,not_claimed,not_claimed,not_claimed,not_claimed,0,0,0,yes,no,no,Keep as candidate-only until critical sourcing is complete or procurement planning starts.
bom-trace:power_distribution_low_voltage_distribution_low_voltage_harness_loom,power_distribution_low_voltage_distribution_low_voltage_harness_loom,low_voltage_harness_loom,low-voltage harness loom,candidate,1,candidate,candidate_only,candidate_unpriced,unique_allocation,,,,,,,,,,not_claimed,not_claimed,not_claimed,not_claimed,0,0,0,yes,no,no,Keep as candidate-only until critical sourcing is complete or procurement planning starts.
bom-trace:power_distribution_load_shed_protection_load_shed_relay_set,power_distribution_load_shed_protection_load_shed_relay_set,load_shed_relay_set,load shed relay set,candidate,1,candidate,candidate_only,candidate_unpriced,unique_allocation,,,,,,,,,,not_claimed,not_claimed,not_claimed,not_claimed,0,0,0,yes,no,no,Keep as candidate-only until critical sourcing is complete or procurement planning starts.
bom-trace:power_distribution_load_shed_protection_brownout_supervisor,power_distribution_load_shed_protection_brownout_supervisor,brownout_supervisor,brownout supervisor,candidate,1,candidate,candidate_only,candidate_unpriced,unique_allocation,,,,,,,,,,not_claimed,not_claimed,not_claimed,not_claimed,0,0,0,yes,no,no,Keep as candidate-only until critical sourcing is complete or procurement planning starts.
bom-trace:power_distribution_load_shed_protection_energy_priority_controller,power_distribution_load_shed_protection_energy_priority_controller,energy_priority_controller,energy priority controller,candidate,1,candidate,candidate_only,candidate_unpriced,unique_allocation,,,,,,,,,,not_claimed,not_claimed,not_claimed,not_claimed,0,0,0,yes,no,no,Keep as candidate-only until critical sourcing is complete or procurement planning starts.
bom-trace:power_distribution_load_shed_protection_fault_latch_indicator,power_distribution_load_shed_protection_fault_latch_indicator,fault_latch_indicator,fault latch indicator,candidate,1,candidate,candidate_only,candidate_unpriced,unique_allocation,,,,,,,,,,not_claimed,not_claimed,not_claimed,not_claimed,0,0,0,yes,no,no,Keep as candidate-only until critical sourcing is complete or procurement planning starts.
bom-trace:actuation_kinematics_electric_propulsion_pods_electric_propulsion_pod,actuation_kinematics_electric_propulsion_pods_electric_propulsion_pod,electric_propulsion_pod,Electric propulsion pod,critical,4,each,critical_unsourced,critical_unpriced,unique_allocation,,,,,,,,,,missing_source,missing_source,missing_source,missing_source,0,4,0,yes,no,no,Collect admissible source evidence for this critical line before BoM can pass.
bom-trace:actuation_kinematics_electric_propulsion_pods_high_altitude_propeller_set,actuation_kinematics_electric_propulsion_pods_high_altitude_propeller_set,high_altitude_propeller_set,high-altitude propeller set,candidate,1,candidate,candidate_only,candidate_unpriced,unique_allocation,,,,,,,,,,not_claimed,not_claimed,not_claimed,not_claimed,0,0,0,yes,no,no,Keep as candidate-only until critical sourcing is complete or procurement planning starts.
bom-trace:actuation_kinematics_electric_propulsion_pods_motor_controller_module,actuation_kinematics_electric_propulsion_pods_motor_controller_module,motor_controller_module,motor controller module,candidate,1,candidate,candidate_only,candidate_unpriced,unique_allocation,,,,,,,,,,not_claimed,not_claimed,not_claimed,not_claimed,0,0,0,yes,no,no,Keep as candidate-only until critical sourcing is complete or procurement planning starts.
bom-trace:actuation_kinematics_electric_propulsion_pods_propulsion_pod_fairing,actuation_kinematics_electric_propulsion_pods_propulsion_pod_fairing,propulsion_pod_fairing,propulsion pod fairing,candidate,1,candidate,candidate_only,candidate_unpriced,unique_allocation,,,,,,,,,,not_claimed,not_claimed,not_claimed,not_claimed,0,0,0,yes,no,no,Keep as candidate-only until critical sourcing is complete or procurement planning starts.
bom-trace:actuation_kinematics_control_surface_actuation_low_temperature_servo_actuator,actuation_kinematics_control_surface_actuation_low_temperature_servo_actuator,low_temperature_servo_actuator,low-temperature servo actuator,candidate,1,candidate,candidate_only,candidate_unpriced,unique_allocation,,,,,,,,,,not_claimed,not_claimed,not_claimed,not_claimed,0,0,0,yes,no,no,Keep as candidate-only until critical sourcing is complete or procurement planning starts.
bom-trace:actuation_kinematics_control_surface_actuation_control_linkage_rod_set,actuation_kinematics_control_surface_actuation_control_linkage_rod_set,control_linkage_rod_set,control linkage rod set,candidate,1,candidate,candidate_only,candidate_unpriced,unique_allocation,,,,,,,,,,not_claimed,not_claimed,not_claimed,not_claimed,0,0,0,yes,no,no,Keep as candidate-only until critical sourcing is complete or procurement planning starts.
bom-trace:actuation_kinematics_control_surface_actuation_surface_position_sensor,actuation_kinematics_control_surface_actuation_surface_position_sensor,surface_position_sensor,surface position sensor,candidate,1,candidate,candidate_only,candidate_unpriced,unique_allocation,,,,,,,,,,not_claimed,not_claimed,not_claimed,not_claimed,0,0,0,yes,no,no,Keep as candidate-only until critical sourcing is complete or procurement planning starts.
bom-trace:actuation_kinematics_control_surface_actuation_servo_heater_trace,actuation_kinematics_control_surface_actuation_servo_heater_trace,servo_heater_trace,servo heater trace,candidate,1,candidate,candidate_only,candidate_unpriced,unique_allocation,,,,,,,,,,not_claimed,not_claimed,not_claimed,not_claimed,0,0,0,yes,no,no,Keep as candidate-only until critical sourcing is complete or procurement planning starts.
bom-trace:actuation_kinematics_station_keeping_trim_trim_schedule_table,actuation_kinematics_station_keeping_trim_trim_schedule_table,trim_schedule_table,trim schedule table,candidate,1,candidate,candidate_only,candidate_unpriced,unique_allocation,,,,,,,,,,not_claimed,not_claimed,not_claimed,not_claimed,0,0,0,yes,no,no,Keep as candidate-only until critical sourcing is complete or procurement planning starts.
bom-trace:actuation_kinematics_station_keeping_trim_gust_load_estimator,actuation_kinematics_station_keeping_trim_gust_load_estimator,gust_load_estimator,gust load estimator,candidate,1,candidate,candidate_only,candidate_unpriced,unique_allocation,,,,,,,,,,not_claimed,not_claimed,not_claimed,not_claimed,0,0,0,yes,no,no,Keep as candidate-only until critical sourcing is complete or procurement planning starts.
bom-trace:actuation_kinematics_station_keeping_trim_airspeed_setpoint_manager,actuation_kinematics_station_keeping_trim_airspeed_setpoint_manager,airspeed_setpoint_manager,airspeed setpoint manager,candidate,1,candidate,candidate_only,candidate_unpriced,unique_allocation,,,,,,,,,,not_claimed,not_claimed,not_claimed,not_claimed,0,0,0,yes,no,no,Keep as candidate-only until critical sourcing is complete or procurement planning starts.
bom-trace:actuation_kinematics_station_keeping_trim_propulsion_calibration_record,actuation_kinematics_station_keeping_trim_propulsion_calibration_record,propulsion_calibration_record,propulsion calibration record,candidate,1,candidate,candidate_only,candidate_unpriced,unique_allocation,,,,,,,,,,not_claimed,not_claimed,not_claimed,not_claimed,0,0,0,yes,no,no,Keep as candidate-only until critical sourcing is complete or procurement planning starts.
bom-trace:control_compute_communication_flight_control_computer_flight_control_computer,control_compute_communication_flight_control_computer_flight_control_computer,flight_control_computer,Flight control computer,critical,1,candidate,critical_unsourced,critical_unpriced,unique_allocation,,,,,,,,,,missing_source,missing_source,missing_source,missing_source,0,4,0,yes,no,no,Collect admissible source evidence for this critical line before BoM can pass.
bom-trace:control_compute_communication_flight_control_computer_autopilot_io_board,control_compute_communication_flight_control_computer_autopilot_io_board,autopilot_io_board,autopilot IO board,candidate,1,candidate,candidate_only,candidate_unpriced,unique_allocation,,,,,,,,,,not_claimed,not_claimed,not_claimed,not_claimed,0,0,0,yes,no,no,Keep as candidate-only until critical sourcing is complete or procurement planning starts.
bom-trace:control_compute_communication_flight_control_computer_flight_software_image,control_compute_communication_flight_control_computer_flight_software_image,flight_software_image,flight software image,candidate,1,candidate,candidate_only,candidate_unpriced,unique_allocation,,,,,,,,,,not_claimed,not_claimed,not_claimed,not_claimed,0,0,0,yes,no,no,Keep as candidate-only until critical sourcing is complete or procurement planning starts.
bom-trace:control_compute_communication_flight_control_computer_watchdog_supervisor,control_compute_communication_flight_control_computer_watchdog_supervisor,watchdog_supervisor,watchdog supervisor,candidate,1,candidate,candidate_only,candidate_unpriced,unique_allocation,,,,,,,,,,not_claimed,not_claimed,not_claimed,not_claimed,0,0,0,yes,no,no,Keep as candidate-only until critical sourcing is complete or procurement planning starts.
bom-trace:control_compute_communication_ground_command_link_ground_control_link,control_compute_communication_ground_command_link_ground_control_link,ground_control_link,Ground control link,critical,1,candidate,critical_unsourced,critical_unpriced,unique_allocation,,,,,,,,,,missing_source,missing_source,missing_source,missing_source,0,4,0,yes,no,no,Collect admissible source evidence for this critical line before BoM can pass.
bom-trace:control_compute_communication_ground_command_link_telemetry_transceiver,control_compute_communication_ground_command_link_telemetry_transceiver,telemetry_transceiver,telemetry transceiver,candidate,1,candidate,candidate_only,candidate_unpriced,unique_allocation,,,,,,,,,,not_claimed,not_claimed,not_claimed,not_claimed,0,0,0,yes,no,no,Keep as candidate-only until critical sourcing is complete or procurement planning starts.
bom-trace:control_compute_communication_ground_command_link_command_authentication_module,control_compute_communication_ground_command_link_command_authentication_module,command_authentication_module,command authentication module,candidate,1,candidate,candidate_only,candidate_unpriced,unique_allocation,,,,,,,,,,not_claimed,not_claimed,not_claimed,not_claimed,0,0,0,yes,no,no,Keep as candidate-only until critical sourcing is complete or procurement planning starts.
bom-trace:control_compute_communication_ground_command_link_mission_log_recorder,control_compute_communication_ground_command_link_mission_log_recorder,mission_log_recorder,mission log recorder,candidate,1,candidate,candidate_only,candidate_unpriced,unique_allocation,,,,,,,,,,not_claimed,not_claimed,not_claimed,not_claimed,0,0,0,yes,no,no,Keep as candidate-only until critical sourcing is complete or procurement planning starts.
bom-trace:control_compute_communication_energy_aware_autonomy_solar_forecast_model,control_compute_communication_energy_aware_autonomy_solar_forecast_model,solar_forecast_model,solar forecast model,candidate,1,candidate,candidate_only,candidate_unpriced,unique_allocation,,,,,,,,,,not_claimed,not_claimed,not_claimed,not_claimed,0,0,0,yes,no,no,Keep as candidate-only until critical sourcing is complete or procurement planning starts.
bom-trace:control_compute_communication_energy_aware_autonomy_wind_field_route_planner,control_compute_communication_energy_aware_autonomy_wind_field_route_planner,wind_field_route_planner,wind field route planner,candidate,1,candidate,candidate_only,candidate_unpriced,unique_allocation,,,,,,,,,,not_claimed,not_claimed,not_claimed,not_claimed,0,0,0,yes,no,no,Keep as candidate-only until critical sourcing is complete or procurement planning starts.
bom-trace:control_compute_communication_energy_aware_autonomy_payload_duty_cycle_controller,control_compute_communication_energy_aware_autonomy_payload_duty_cycle_controller,payload_duty_cycle_controller,payload duty-cycle controller,candidate,1,candidate,candidate_only,candidate_unpriced,unique_allocation,,,,,,,,,,not_claimed,not_claimed,not_claimed,not_claimed,0,0,0,yes,no,no,Keep as candidate-only until critical sourcing is complete or procurement planning starts.
bom-trace:control_compute_communication_energy_aware_autonomy_return_corridor_manager,control_compute_communication_energy_aware_autonomy_return_corridor_manager,return_corridor_manager,return corridor manager,candidate,1,candidate,candidate_only,candidate_unpriced,unique_allocation,,,,,,,,,,not_claimed,not_claimed,not_claimed,not_claimed,0,0,0,yes,no,no,Keep as candidate-only until critical sourcing is complete or procurement planning starts.
bom-trace:sensing_instrumentation_navigation_suite_gnss_ins_navigation_unit,sensing_instrumentation_navigation_suite_gnss_ins_navigation_unit,gnss_ins_navigation_unit,GNSS INS navigation unit,critical,1,candidate,critical_unsourced,critical_unpriced,unique_allocation,,,,,,,,,,missing_source,missing_source,missing_source,missing_source,0,4,0,yes,no,no,Collect admissible source evidence for this critical line before BoM can pass.
bom-trace:sensing_instrumentation_navigation_suite_barometric_altitude_sensor,sensing_instrumentation_navigation_suite_barometric_altitude_sensor,barometric_altitude_sensor,barometric altitude sensor,candidate,1,candidate,candidate_only,candidate_unpriced,unique_allocation,,,,,,,,,,not_claimed,not_claimed,not_claimed,not_claimed,0,0,0,yes,no,no,Keep as candidate-only until critical sourcing is complete or procurement planning starts.
bom-trace:sensing_instrumentation_navigation_suite_sun_sensor_pair,sensing_instrumentation_navigation_suite_sun_sensor_pair,sun_sensor_pair,sun sensor pair,candidate,1,candidate,candidate_only,candidate_unpriced,unique_allocation,,,,,,,,,,not_claimed,not_claimed,not_claimed,not_claimed,0,0,0,yes,no,no,Keep as candidate-only until critical sourcing is complete or procurement planning starts.
bom-trace:sensing_instrumentation_navigation_suite_precision_timebase_module,sensing_instrumentation_navigation_suite_precision_timebase_module,precision_timebase_module,precision timebase module,candidate,1,candidate,candidate_only,candidate_unpriced,unique_allocation,,,,,,,,,,not_claimed,not_claimed,not_claimed,not_claimed,0,0,0,yes,no,no,Keep as candidate-only until critical sourcing is complete or procurement planning starts.
bom-trace:sensing_instrumentation_airdata_weather_sensors_pitot_static_probe,sensing_instrumentation_airdata_weather_sensors_pitot_static_probe,pitot_static_probe,pitot static probe,candidate,1,candidate,candidate_only,candidate_unpriced,unique_allocation,,,,,,,,,,not_claimed,not_claimed,not_claimed,not_claimed,0,0,0,yes,no,no,Keep as candidate-only until critical sourcing is complete or procurement planning starts.
bom-trace:sensing_instrumentation_airdata_weather_sensors_outside_air_temperature_probe,sensing_instrumentation_airdata_weather_sensors_outside_air_temperature_probe,outside_air_temperature_probe,outside air temperature probe,candidate,1,candidate,candidate_only,candidate_unpriced,unique_allocation,,,,,,,,,,not_claimed,not_claimed,not_claimed,not_claimed,0,0,0,yes,no,no,Keep as candidate-only until critical sourcing is complete or procurement planning starts.
bom-trace:sensing_instrumentation_airdata_weather_sensors_wind_estimation_filter,sensing_instrumentation_airdata_weather_sensors_wind_estimation_filter,wind_estimation_filter,wind estimation filter,candidate,1,candidate,candidate_only,candidate_unpriced,unique_allocation,,,,,,,,,,not_claimed,not_claimed,not_claimed,not_claimed,0,0,0,yes,no,no,Keep as candidate-only until critical sourcing is complete or procurement planning starts.
bom-trace:sensing_instrumentation_airdata_weather_sensors_humidity_frost_sensor,sensing_instrumentation_airdata_weather_sensors_humidity_frost_sensor,humidity_frost_sensor,humidity frost sensor,candidate,1,candidate,candidate_only,candidate_unpriced,unique_allocation,,,,,,,,,,not_claimed,not_claimed,not_claimed,not_claimed,0,0,0,yes,no,no,Keep as candidate-only until critical sourcing is complete or procurement planning starts.
bom-trace:sensing_instrumentation_structural_health_sensing_wing_strain_gauge_strip,sensing_instrumentation_structural_health_sensing_wing_strain_gauge_strip,wing_strain_gauge_strip,wing strain gauge strip,candidate,1,candidate,candidate_only,candidate_unpriced,unique_allocation,,,,,,,,,,not_claimed,not_claimed,not_claimed,not_claimed,0,0,0,yes,no,no,Keep as candidate-only until critical sourcing is complete or procurement planning starts.
bom-trace:sensing_instrumentation_structural_health_sensing_spar_temperature_sensor,sensing_instrumentation_structural_health_sensing_spar_temperature_sensor,spar_temperature_sensor,spar temperature sensor,candidate,1,candidate,candidate_only,candidate_unpriced,unique_allocation,,,,,,,,,,not_claimed,not_claimed,not_claimed,not_claimed,0,0,0,yes,no,no,Keep as candidate-only until critical sourcing is complete or procurement planning starts.
bom-trace:sensing_instrumentation_structural_health_sensing_vibration_accelerometer,sensing_instrumentation_structural_health_sensing_vibration_accelerometer,vibration_accelerometer,vibration accelerometer,candidate,1,candidate,candidate_only,candidate_unpriced,unique_allocation,,,,,,,,,,not_claimed,not_claimed,not_claimed,not_claimed,0,0,0,yes,no,no,Keep as candidate-only until critical sourcing is complete or procurement planning starts.
bom-trace:sensing_instrumentation_structural_health_sensing_structural_health_recorder,sensing_instrumentation_structural_health_sensing_structural_health_recorder,structural_health_recorder,structural health recorder,candidate,1,candidate,candidate_only,candidate_unpriced,unique_allocation,,,,,,,,,,not_claimed,not_claimed,not_claimed,not_claimed,0,0,0,yes,no,no,Keep as candidate-only until critical sourcing is complete or procurement planning starts.
bom-trace:payload_communication_payload_radio_stratospheric_communications_payload,payload_communication_payload_radio_stratospheric_communications_payload,stratospheric_communications_payload,Stratospheric communications payload,critical,1,candidate,critical_unsourced,critical_unpriced,unique_allocation,,,,,,,,,,missing_source,missing_source,missing_source,missing_source,0,4,0,yes,no,no,Collect admissible source evidence for this critical line before BoM can pass.
bom-trace:payload_communication_payload_radio_payload_modem_board,payload_communication_payload_radio_payload_modem_board,payload_modem_board,payload modem board,candidate,1,candidate,candidate_only,candidate_unpriced,unique_allocation,,,,,,,,,,not_claimed,not_claimed,not_claimed,not_claimed,0,0,0,yes,no,no,Keep as candidate-only until critical sourcing is complete or procurement planning starts.
bom-trace:payload_communication_payload_radio_payload_rf_power_amplifier,payload_communication_payload_radio_payload_rf_power_amplifier,payload_rf_power_amplifier,payload RF power amplifier,candidate,1,candidate,candidate_only,candidate_unpriced,unique_allocation,,,,,,,,,,not_claimed,not_claimed,not_claimed,not_claimed,0,0,0,yes,no,no,Keep as candidate-only until critical sourcing is complete or procurement planning starts.
bom-trace:payload_communication_payload_radio_payload_processor_module,payload_communication_payload_radio_payload_processor_module,payload_processor_module,payload processor module,candidate,1,candidate,candidate_only,candidate_unpriced,unique_allocation,,,,,,,,,,not_claimed,not_claimed,not_claimed,not_claimed,0,0,0,yes,no,no,Keep as candidate-only until critical sourcing is complete or procurement planning starts.
bom-trace:payload_communication_antenna_aperture_payload_antenna_array,payload_communication_antenna_aperture_payload_antenna_array,payload_antenna_array,Payload antenna array,critical,1,candidate,critical_unsourced,critical_unpriced,unique_allocation,,,,,,,,,,missing_source,missing_source,missing_source,missing_source,0,4,0,yes,no,no,Collect admissible source evidence for this critical line before BoM can pass.
bom-trace:payload_communication_antenna_aperture_antenna_ground_plane_film,payload_communication_antenna_aperture_antenna_ground_plane_film,antenna_ground_plane_film,antenna ground plane film,candidate,1,candidate,candidate_only,candidate_unpriced,unique_allocation,,,,,,,,,,not_claimed,not_claimed,not_claimed,not_claimed,0,0,0,yes,no,no,Keep as candidate-only until critical sourcing is complete or procurement planning starts.
bom-trace:payload_communication_antenna_aperture_antenna_feed_harness,payload_communication_antenna_aperture_antenna_feed_harness,antenna_feed_harness,antenna feed harness,candidate,1,candidate,candidate_only,candidate_unpriced,unique_allocation,,,,,,,,,,not_claimed,not_claimed,not_claimed,not_claimed,0,0,0,yes,no,no,Keep as candidate-only until critical sourcing is complete or procurement planning starts.
bom-trace:payload_communication_antenna_aperture_beam_pointing_calibration_target,payload_communication_antenna_aperture_beam_pointing_calibration_target,beam_pointing_calibration_target,beam pointing calibration target,candidate,1,candidate,candidate_only,candidate_unpriced,unique_allocation,,,,,,,,,,not_claimed,not_claimed,not_claimed,not_claimed,0,0,0,yes,no,no,Keep as candidate-only until critical sourcing is complete or procurement planning starts.
bom-trace:payload_communication_payload_integration_payload_isolation_mount,payload_communication_payload_integration_payload_isolation_mount,payload_isolation_mount,payload isolation mount,candidate,1,candidate,candidate_only,candidate_unpriced,unique_allocation,,,,,,,,,,not_claimed,not_claimed,not_claimed,not_claimed,0,0,0,yes,no,no,Keep as candidate-only until critical sourcing is complete or procurement planning starts.
bom-trace:payload_communication_payload_integration_payload_thermal_strap,payload_communication_payload_integration_payload_thermal_strap,payload_thermal_strap,payload thermal strap,candidate,1,candidate,candidate_only,candidate_unpriced,unique_allocation,,,,,,,,,,not_claimed,not_claimed,not_claimed,not_claimed,0,0,0,yes,no,no,Keep as candidate-only until critical sourcing is complete or procurement planning starts.
bom-trace:payload_communication_payload_integration_payload_access_hatch,payload_communication_payload_integration_payload_access_hatch,payload_access_hatch,payload access hatch,candidate,1,candidate,candidate_only,candidate_unpriced,unique_allocation,,,,,,,,,,not_claimed,not_claimed,not_claimed,not_claimed,0,0,0,yes,no,no,Keep as candidate-only until critical sourcing is complete or procurement planning starts.
bom-trace:payload_communication_payload_integration_payload_configuration_tag,payload_communication_payload_integration_payload_configuration_tag,payload_configuration_tag,payload configuration tag,candidate,1,candidate,candidate_only,candidate_unpriced,unique_allocation,,,,,,,,,,not_claimed,not_claimed,not_claimed,not_claimed,0,0,0,yes,no,no,Keep as candidate-only until critical sourcing is complete or procurement planning starts.
bom-trace:environmental_interface_thermal_protection_thermal_insulation_blanket,environmental_interface_thermal_protection_thermal_insulation_blanket,thermal_insulation_blanket,Thermal insulation blanket,critical,1,candidate,critical_unsourced,critical_unpriced,unique_allocation,,,,,,,,,,missing_source,missing_source,missing_source,missing_source,0,4,0,yes,no,no,Collect admissible source evidence for this critical line before BoM can pass.
bom-trace:environmental_interface_thermal_protection_multi_layer_insulation_patch,environmental_interface_thermal_protection_multi_layer_insulation_patch,multi_layer_insulation_patch,multi-layer insulation patch,candidate,1,candidate,candidate_only,candidate_unpriced,unique_allocation,,,,,,,,,,not_claimed,not_claimed,not_claimed,not_claimed,0,0,0,yes,no,no,Keep as candidate-only until critical sourcing is complete or procurement planning starts.
bom-trace:environmental_interface_thermal_protection_lightweight_thermal_strap,environmental_interface_thermal_protection_lightweight_thermal_strap,lightweight_thermal_strap,lightweight thermal strap,candidate,1,candidate,candidate_only,candidate_unpriced,unique_allocation,,,,,,,,,,not_claimed,not_claimed,not_claimed,not_claimed,0,0,0,yes,no,no,Keep as candidate-only until critical sourcing is complete or procurement planning starts.
bom-trace:environmental_interface_thermal_protection_thermal_witness_label,environmental_interface_thermal_protection_thermal_witness_label,thermal_witness_label,thermal witness label,candidate,1,candidate,candidate_only,candidate_unpriced,unique_allocation,,,,,,,,,,not_claimed,not_claimed,not_claimed,not_claimed,0,0,0,yes,no,no,Keep as candidate-only until critical sourcing is complete or procurement planning starts.
bom-trace:environmental_interface_uv_surface_protection_uv_protective_film,environmental_interface_uv_surface_protection_uv_protective_film,uv_protective_film,UV protective film,candidate,1,candidate,candidate_only,candidate_unpriced,unique_allocation,,,,,,,,,,not_claimed,not_claimed,not_claimed,not_claimed,0,0,0,yes,no,no,Keep as candidate-only until critical sourcing is complete or procurement planning starts.
bom-trace:environmental_interface_uv_surface_protection_leading_edge_erosion_tape,environmental_interface_uv_surface_protection_leading_edge_erosion_tape,leading_edge_erosion_tape,leading edge erosion tape,candidate,1,candidate,candidate_only,candidate_unpriced,unique_allocation,,,,,,,,,,not_claimed,not_claimed,not_claimed,not_claimed,0,0,0,yes,no,no,Keep as candidate-only until critical sourcing is complete or procurement planning starts.
bom-trace:environmental_interface_uv_surface_protection_surface_contamination_wipe_kit,environmental_interface_uv_surface_protection_surface_contamination_wipe_kit,surface_contamination_wipe_kit,surface contamination wipe kit,candidate,1,candidate,candidate_only,candidate_unpriced,unique_allocation,,,,,,,,,,not_claimed,not_claimed,not_claimed,not_claimed,0,0,0,yes,no,no,Keep as candidate-only until critical sourcing is complete or procurement planning starts.
bom-trace:environmental_interface_uv_surface_protection_coating_inspection_marker,environmental_interface_uv_surface_protection_coating_inspection_marker,coating_inspection_marker,coating inspection marker,candidate,1,candidate,candidate_only,candidate_unpriced,unique_allocation,,,,,,,,,,not_claimed,not_claimed,not_claimed,not_claimed,0,0,0,yes,no,no,Keep as candidate-only until critical sourcing is complete or procurement planning starts.
bom-trace:environmental_interface_low_pressure_management_low_pressure_vent_path,environmental_interface_low_pressure_management_low_pressure_vent_path,low_pressure_vent_path,low-pressure vent path,candidate,1,candidate,candidate_only,candidate_unpriced,unique_allocation,,,,,,,,,,not_claimed,not_claimed,not_claimed,not_claimed,0,0,0,yes,no,no,Keep as candidate-only until critical sourcing is complete or procurement planning starts.
bom-trace:environmental_interface_low_pressure_management_conformal_coating_set,environmental_interface_low_pressure_management_conformal_coating_set,conformal_coating_set,conformal coating set,candidate,1,candidate,candidate_only,candidate_unpriced,unique_allocation,,,,,,,,,,not_claimed,not_claimed,not_claimed,not_claimed,0,0,0,yes,no,no,Keep as candidate-only until critical sourcing is complete or procurement planning starts.
bom-trace:environmental_interface_low_pressure_management_high_altitude_creepage_spacer,environmental_interface_low_pressure_management_high_altitude_creepage_spacer,high_altitude_creepage_spacer,high-altitude creepage spacer,candidate,1,candidate,candidate_only,candidate_unpriced,unique_allocation,,,,,,,,,,not_claimed,not_claimed,not_claimed,not_claimed,0,0,0,yes,no,no,Keep as candidate-only until critical sourcing is complete or procurement planning starts.
bom-trace:environmental_interface_low_pressure_management_desiccant_cartridge,environmental_interface_low_pressure_management_desiccant_cartridge,desiccant_cartridge,desiccant cartridge,candidate,1,candidate,candidate_only,candidate_unpriced,unique_allocation,,,,,,,,,,not_claimed,not_claimed,not_claimed,not_claimed,0,0,0,yes,no,no,Keep as candidate-only until critical sourcing is complete or procurement planning starts.
bom-trace:safety_protection_abort_recovery_recovery_parachute_system,safety_protection_abort_recovery_recovery_parachute_system,recovery_parachute_system,Recovery parachute system,critical,1,candidate,critical_unsourced,critical_unpriced,unique_allocation,,,,,,,,,,missing_source,missing_source,missing_source,missing_source,0,4,0,yes,no,no,Collect admissible source evidence for this critical line before BoM can pass.
bom-trace:safety_protection_abort_recovery_parachute_deployment_controller,safety_protection_abort_recovery_parachute_deployment_controller,parachute_deployment_controller,parachute deployment controller,candidate,1,candidate,candidate_only,candidate_unpriced,unique_allocation,,,,,,,,,,not_claimed,not_claimed,not_claimed,not_claimed,0,0,0,yes,no,no,Keep as candidate-only until critical sourcing is complete or procurement planning starts.
bom-trace:safety_protection_abort_recovery_recovery_beacon,safety_protection_abort_recovery_recovery_beacon,recovery_beacon,recovery beacon,candidate,1,candidate,candidate_only,candidate_unpriced,unique_allocation,,,,,,,,,,not_claimed,not_claimed,not_claimed,not_claimed,0,0,0,yes,no,no,Keep as candidate-only until critical sourcing is complete or procurement planning starts.
bom-trace:safety_protection_abort_recovery_safe_descent_mode_logic,safety_protection_abort_recovery_safe_descent_mode_logic,safe_descent_mode_logic,safe descent mode logic,candidate,1,candidate,candidate_only,candidate_unpriced,unique_allocation,,,,,,,,,,not_claimed,not_claimed,not_claimed,not_claimed,0,0,0,yes,no,no,Keep as candidate-only until critical sourcing is complete or procurement planning starts.
bom-trace:safety_protection_airspace_safety_geofence_database,safety_protection_airspace_safety_geofence_database,geofence_database,geofence database,candidate,1,candidate,candidate_only,candidate_unpriced,unique_allocation,,,,,,,,,,not_claimed,not_claimed,not_claimed,not_claimed,0,0,0,yes,no,no,Keep as candidate-only until critical sourcing is complete or procurement planning starts.
bom-trace:safety_protection_airspace_safety_lost_link_failsafe,safety_protection_airspace_safety_lost_link_failsafe,lost_link_failsafe,lost-link failsafe,candidate,1,candidate,candidate_only,candidate_unpriced,unique_allocation,,,,,,,,,,not_claimed,not_claimed,not_claimed,not_claimed,0,0,0,yes,no,no,Keep as candidate-only until critical sourcing is complete or procurement planning starts.
bom-trace:safety_protection_airspace_safety_flight_termination_relay,safety_protection_airspace_safety_flight_termination_relay,flight_termination_relay,flight termination relay,candidate,1,candidate,candidate_only,candidate_unpriced,unique_allocation,,,,,,,,,,not_claimed,not_claimed,not_claimed,not_claimed,0,0,0,yes,no,no,Keep as candidate-only until critical sourcing is complete or procurement planning starts.
bom-trace:safety_protection_airspace_safety_airspace_transponder_module,safety_protection_airspace_safety_airspace_transponder_module,airspace_transponder_module,airspace transponder module,candidate,1,candidate,candidate_only,candidate_unpriced,unique_allocation,,,,,,,,,,not_claimed,not_claimed,not_claimed,not_claimed,0,0,0,yes,no,no,Keep as candidate-only until critical sourcing is complete or procurement planning starts.
bom-trace:safety_protection_ground_handling_safety_launch_arming_interlock,safety_protection_ground_handling_safety_launch_arming_interlock,launch_arming_interlock,launch arming interlock,candidate,1,candidate,candidate_only,candidate_unpriced,unique_allocation,,,,,,,,,,not_claimed,not_claimed,not_claimed,not_claimed,0,0,0,yes,no,no,Keep as candidate-only until critical sourcing is complete or procurement planning starts.
bom-trace:safety_protection_ground_handling_safety_propulsion_safety_pin_set,safety_protection_ground_handling_safety_propulsion_safety_pin_set,propulsion_safety_pin_set,propulsion safety pin set,candidate,1,candidate,candidate_only,candidate_unpriced,unique_allocation,,,,,,,,,,not_claimed,not_claimed,not_claimed,not_claimed,0,0,0,yes,no,no,Keep as candidate-only until critical sourcing is complete or procurement planning starts.
bom-trace:safety_protection_ground_handling_safety_battery_handling_placard,safety_protection_ground_handling_safety_battery_handling_placard,battery_handling_placard,battery handling placard,candidate,1,candidate,candidate_only,candidate_unpriced,unique_allocation,,,,,,,,,,not_claimed,not_claimed,not_claimed,not_claimed,0,0,0,yes,no,no,Keep as candidate-only until critical sourcing is complete or procurement planning starts.
bom-trace:safety_protection_ground_handling_safety_recovery_inspection_checklist,safety_protection_ground_handling_safety_recovery_inspection_checklist,recovery_inspection_checklist,recovery inspection checklist,candidate,1,candidate,candidate_only,candidate_unpriced,unique_allocation,,,,,,,,,,not_claimed,not_claimed,not_claimed,not_claimed,0,0,0,yes,no,no,Keep as candidate-only until critical sourcing is complete or procurement planning starts.
bom-trace:maintenance_serviceability_wing_assembly_service_wing_assembly_jig,maintenance_serviceability_wing_assembly_service_wing_assembly_jig,wing_assembly_jig,wing assembly jig,candidate,1,candidate,candidate_only,candidate_unpriced,unique_allocation,,,,,,,,,,not_claimed,not_claimed,not_claimed,not_claimed,0,0,0,yes,no,no,Keep as candidate-only until critical sourcing is complete or procurement planning starts.
bom-trace:maintenance_serviceability_wing_assembly_service_spar_pin_torque_tool,maintenance_serviceability_wing_assembly_service_spar_pin_torque_tool,spar_pin_torque_tool,spar pin torque tool,candidate,1,candidate,candidate_only,candidate_unpriced,unique_allocation,,,,,,,,,,not_claimed,not_claimed,not_claimed,not_claimed,0,0,0,yes,no,no,Keep as candidate-only until critical sourcing is complete or procurement planning starts.
bom-trace:maintenance_serviceability_wing_assembly_service_solar_skin_protection_mat,maintenance_serviceability_wing_assembly_service_solar_skin_protection_mat,solar_skin_protection_mat,solar skin protection mat,candidate,1,candidate,candidate_only,candidate_unpriced,unique_allocation,,,,,,,,,,not_claimed,not_claimed,not_claimed,not_claimed,0,0,0,yes,no,no,Keep as candidate-only until critical sourcing is complete or procurement planning starts.
bom-trace:maintenance_serviceability_wing_assembly_service_assembly_witness_mark_set,maintenance_serviceability_wing_assembly_service_assembly_witness_mark_set,assembly_witness_mark_set,assembly witness mark set,candidate,1,candidate,candidate_only,candidate_unpriced,unique_allocation,,,,,,,,,,not_claimed,not_claimed,not_claimed,not_claimed,0,0,0,yes,no,no,Keep as candidate-only until critical sourcing is complete or procurement planning starts.
bom-trace:maintenance_serviceability_launch_recovery_equipment_launch_dolly_interface,maintenance_serviceability_launch_recovery_equipment_launch_dolly_interface,launch_dolly_interface,launch dolly interface,candidate,1,candidate,candidate_only,candidate_unpriced,unique_allocation,,,,,,,,,,not_claimed,not_claimed,not_claimed,not_claimed,0,0,0,yes,no,no,Keep as candidate-only until critical sourcing is complete or procurement planning starts.
bom-trace:maintenance_serviceability_launch_recovery_equipment_wingtip_handling_fixture,maintenance_serviceability_launch_recovery_equipment_wingtip_handling_fixture,wingtip_handling_fixture,wingtip handling fixture,candidate,1,candidate,candidate_only,candidate_unpriced,unique_allocation,,,,,,,,,,not_claimed,not_claimed,not_claimed,not_claimed,0,0,0,yes,no,no,Keep as candidate-only until critical sourcing is complete or procurement planning starts.
bom-trace:maintenance_serviceability_launch_recovery_equipment_recovery_cradle,maintenance_serviceability_launch_recovery_equipment_recovery_cradle,recovery_cradle,recovery cradle,candidate,1,candidate,candidate_only,candidate_unpriced,unique_allocation,,,,,,,,,,not_claimed,not_claimed,not_claimed,not_claimed,0,0,0,yes,no,no,Keep as candidate-only until critical sourcing is complete or procurement planning starts.
bom-trace:maintenance_serviceability_launch_recovery_equipment_ground_wind_limit_placard,maintenance_serviceability_launch_recovery_equipment_ground_wind_limit_placard,ground_wind_limit_placard,ground wind limit placard,candidate,1,candidate,candidate_only,candidate_unpriced,unique_allocation,,,,,,,,,,not_claimed,not_claimed,not_claimed,not_claimed,0,0,0,yes,no,no,Keep as candidate-only until critical sourcing is complete or procurement planning starts.
bom-trace:maintenance_serviceability_payload_checkout_payload_checkout_cable,maintenance_serviceability_payload_checkout_payload_checkout_cable,payload_checkout_cable,payload checkout cable,candidate,1,candidate,candidate_only,candidate_unpriced,unique_allocation,,,,,,,,,,not_claimed,not_claimed,not_claimed,not_claimed,0,0,0,yes,no,no,Keep as candidate-only until critical sourcing is complete or procurement planning starts.
bom-trace:maintenance_serviceability_payload_checkout_rf_load_test_adapter,maintenance_serviceability_payload_checkout_rf_load_test_adapter,rf_load_test_adapter,RF load test adapter,candidate,1,candidate,candidate_only,candidate_unpriced,unique_allocation,,,,,,,,,,not_claimed,not_claimed,not_claimed,not_claimed,0,0,0,yes,no,no,Keep as candidate-only until critical sourcing is complete or procurement planning starts.
bom-trace:maintenance_serviceability_payload_checkout_telemetry_ground_terminal,maintenance_serviceability_payload_checkout_telemetry_ground_terminal,telemetry_ground_terminal,telemetry ground terminal,candidate,1,candidate,candidate_only,candidate_unpriced,unique_allocation,,,,,,,,,,not_claimed,not_claimed,not_claimed,not_claimed,0,0,0,yes,no,no,Keep as candidate-only until critical sourcing is complete or procurement planning starts.
bom-trace:maintenance_serviceability_payload_checkout_preflight_log_card,maintenance_serviceability_payload_checkout_preflight_log_card,preflight_log_card,preflight log card,candidate,1,candidate,candidate_only,candidate_unpriced,unique_allocation,,,,,,,,,,not_claimed,not_claimed,not_claimed,not_claimed,0,0,0,yes,no,no,Keep as candidate-only until critical sourcing is complete or procurement planning starts.
